ean,desc,marca,rubro,cat,slot,cad,prov,suc,precio,Popular,Media,Ejecutiva,Tecnológica,Representativa,Femenina
7790070012050,Aceite de Girasol Cocinero 900 Ml,Cocinero,Almacén,Aceites,Aceite girasol,5,24,2367,4339.46435546875,2.0,0.0,0.0,0.0,0.0,0.0
7790272001029,Aceite de Girasol Natura 1.5 Lt,Natura,Almacén,Aceites,Aceite girasol,5,24,2488,7224.66650390625,0.0,0.0,2.0,0.0,0.0,0.0
7790272001005,Aceite de Girasol Natura 900 Ml,Natura,Almacén,Aceites,Aceite girasol,5,24,2481,4637.5,0.0,2.0,0.0,0.0,2.0,0.0
7790070231833,Aceite de Oliva Extra Virgen Lira 500 Ml,Lira,Almacén,Aceites,Aceite oliva,5,24,1081,15368.5712890625,0.0,1.0,1.0,0.0,1.0,0.0
7791866000381,Kétchup Natura 250 Gr,Natura,Almacén,Aderezos,Ketchup/Mostaza,5,24,2488,1742.0,0.0,1.0,1.0,0.0,1.0,0.0
7791866001203,Mayonesa Doypack Natura 237 Gr,Natura,Almacén,Aderezos,Mayonesa,5,24,2503,1550.0,1.0,0.0,0.0,0.0,0.0,0.0
7791866001364,Mayonesa Doypack Natura 500 Ml,Natura,Almacén,Aderezos,Mayonesa,5,24,2503,3040.0,0.0,1.0,0.0,0.0,1.0,0.0
7794000006072,Mayonesa Regular Doypack Hellmanns 475 Gr,Hellmanns,Almacén,Aderezos,Mayonesa,5,24,2479,2999.0,0.0,0.0,2.0,0.0,0.0,0.0
7790150540183,Orégano sin TACC Alicante 25 Gr,Alicante,Almacén,Aderezos,Condimentos (oregano/pimenton),5,24,2434,1583.0,1.0,1.0,1.0,0.0,1.0,0.0
7790072001014,Sal Fina en Paquete Celusal 500 Gr,Celusal,Almacén,Aderezos,Sal fina,5,24,2503,1549.0,1.0,1.0,1.0,0.0,1.0,0.0
7791866000480,Salsa Golf Natura 250 Cc,Natura,Almacén,Aderezos,Salsa golf/aderezo,5,24,2493,1851.0,0.0,0.0,1.0,0.0,0.0,0.0
7790130000058,Vinagre de Alcohol Menoyo 1 Lt,Menoyo,Almacén,Aderezos,Vinagre,5,24,2306,1965.0,1.0,1.0,0.0,0.0,1.0,0.0
7791120031557,Arroz Largo Fino 00000 Molinos Ala 1 Kg,Molinos Ala,Almacén,Arroz y Legumbres,Arroz,5,24,2423,1878.40185546875,3.0,0.0,0.0,0.0,0.0,0.0
7790070431417,Arroz Parboil Bolsa Gallo Oro 1 Kg,Gallo Oro,Almacén,Arroz y Legumbres,Arroz,5,24,2310,2725.0,0.0,3.0,2.0,0.0,3.0,0.0
7792540250450,Azúcar Molida Superior Ledesma 1 Kg,Ledesma,Almacén,Azúcar y Edulcorantes,Azucar,5,24,2079,1565.0,3.0,3.0,2.0,0.0,3.0,0.0
7790490998231,Edulcorante Líquido Clásico Hileret 250 Ml,Hileret,Almacén,Azúcar y Edulcorantes,Edulcorante,5,24,2476,3370.0,0.0,0.0,1.0,0.0,0.0,0.0
7791019172101,Aritos de Avena y Miel 3 Arroyos 180 Gr,3 Arroyos,Almacén,Cereales,Avena,4,23,1174,2213.0,0.0,1.0,1.0,0.0,1.0,0.0
7896004004990,Cereal sabor Chocolate Müsli Kellog´s 255 Gr,Kellog´s,Almacén,Cereales,Cereal desayuno,5,24,903,4090.0,0.0,0.0,2.0,0.0,0.0,0.0
7790045001584,Copos de Maíz Naturales Granix 160 Gr,Granix,Almacén,Cereales,Cereal desayuno,5,24,2318,1678.125,0.0,1.0,0.0,0.0,1.0,0.0
7790580132392,Arvejas Secas Remojadas sin Conservantes Lata Arcor 300 Gr,Arcor,Almacén,Conservas,Arvejas,5,24,2155,1344.833251953125,2.0,2.0,3.0,0.0,2.0,0.0
7790580131364,Atún al Natural Libre de Gluten sin TACC La Campagnola 170 Gr,La Campagnola,Almacén,Conservas,Atun lata,5,24,2448,5906.9091796875,0.0,2.0,3.0,0.0,2.0,0.0
7790580132422,Choclo Amarillo Desgranado Arcor 300 Gr,Arcor,Almacén,Conservas,Choclo lata,5,24,1769,2299.5,0.0,2.0,2.0,0.0,2.0,0.0
7793360132469,Garbanzos Secos Remojados Lata La Campagnola 300 Gr,La Campagnola,Almacén,Conservas,Legumbres secas,5,24,1167,1675.0,2.0,1.0,1.0,0.0,1.5,0.0
7790360720115,Picadillo de Carne en Lata Swift 90 Gr,Swift,Almacén,Conservas,Pate/picadillo,5,24,2422,1288.178588867188,1.0,0.0,0.0,0.0,0.5,0.0
7790580133153,Salsa Lista para Pizza Arcor 340 Gr,Arcor,Almacén,Conservas,Salsa de soja/tomate lista,5,24,1279,1417.487548828125,0.0,0.0,1.0,0.0,0.0,0.0
7790580567903,Tomate Pelado Perita en Lata Arcor 400 Gr,Arcor,Almacén,Conservas,Tomate perita/triturado,5,24,2403,1538.58935546875,3.0,3.0,4.0,0.0,3.0,0.0
7795735000335,Bizcochos Agridulces Don Satur 200 Gr,Don Satur,Almacén,Galletitas,Tostadas/bizcochos,5,24,2498,1502.571411132812,1.0,1.0,1.0,0.0,1.0,0.0
7792180006448,Galletitas Crackers Clásicas Paseo 300 Gr,Paseo,Almacén,Galletitas,Galletitas crackers,5,24,1982,1956.0,3.0,0.0,0.0,0.0,0.0,0.0
7790040143524,Galletitas Rumba Bagley 330 Gr,Bagley,Almacén,Galletitas,Galletitas dulces,5,24,2459,4605.4072265625,0.0,0.0,4.0,0.0,0.0,0.0
7622201735906,Galletitas con Chips Chocolate Pepitos 119 Gr,Pepitos,Almacén,Galletitas,Galletitas dulces,5,24,2482,2218.95849609375,4.0,4.0,0.0,0.0,4.0,0.0
7790045826095,Galletitas de Salvado sin Sal Granix 230 Gr,Granix,Almacén,Galletitas,Galletitas crackers,5,24,1209,1789.0,0.0,3.0,3.0,0.0,3.0,0.0
7790040133587,Alfajor Minitorta Clásica Águila 69 Gr,Águila,Almacén,Golosinas,Alfajor,5,24,2408,2380.0,0.0,4.0,6.0,0.0,4.0,0.0
0000077991584,Alfajor Triple de Chocolate Fantoche 85 Gr,Fantoche,Almacén,Golosinas,Alfajor,5,24,1978,1732.5,4.0,0.0,0.0,0.0,0.0,0.0
0000077953124,Chocolate con Maní Cofler Block 38 Gr,Cofler,Almacén,Golosinas,Chocolate/tableta,5,24,2431,2530.0,0.0,1.0,1.0,0.0,1.0,0.0
0000077940131,Turrón Arcor 25 Gr,Arcor,Almacén,Golosinas,Turron/barra cereal,5,24,1354,450.0,2.0,1.0,0.0,0.0,1.0,0.0
7792180139320,Harina 000 Fortificada con Calcio Cañuelas 1 Kg,Cañuelas,Almacén,Harinas,Harina 000,5,24,2408,995.0,3.0,0.0,0.0,0.0,0.0,0.0
7790070562258,Harina 000 con Vitamina Zinc Favorita 1 Kg,Favorita,Almacén,Harinas,Harina 000,5,24,2464,1188.0,0.0,2.0,0.0,0.0,2.0,0.0
7790070562265,Harina 0000 con Vitamina Zinc Favorita 1 Kg,Favorita,Almacén,Harinas,Harina 000,5,24,2425,1640.0,0.0,0.0,2.0,0.0,0.0,0.0
7790070562180,Harina Leudante Blancaflor 1 Kg,Blancaflor,Almacén,Harinas,Harina leudante,5,24,2481,2224.53125,0.0,1.0,1.0,0.0,1.0,0.0
7790580138721,Polenta Prestopronta 730 Gr,Prestopronta,Almacén,Harinas,Polenta,5,24,2375,2480.0,2.0,1.0,0.0,0.0,1.0,0.0
8445291121881,Cacao Paquete Nesquik 360 Gr,Nesquik,Almacén,Infusiones,Cacao,5,24,2451,5076.857421875,1.0,1.0,1.0,0.0,1.0,0.0
7790070933638,Café Instantáneo Suave Extra Aroma Arlistán 170 Gr,Arlistán,Almacén,Infusiones,Cafe instantaneo,5,24,2278,8863.845703125,1.0,0.0,0.0,0.0,1.0,0.0
8445291082137,Café Instantáneo Suave Origen Dolca 170 Gr,Dolca,Almacén,Infusiones,Cafe instantaneo,5,24,2454,10307.333984375,0.0,0.0,1.0,0.0,0.0,0.0
7790550000157,Café Molido Torrado en Bolsa Cabrales 250 Gr,Cabrales,Almacén,Infusiones,Cafe molido,5,24,2482,7410.0,0.0,1.0,1.0,0.0,1.0,0.0
7790150355084,Té Verde en Saquitos La Virginia 20 Un,La Virginia,Almacén,Infusiones,Te,5,24,2446,1744.0,0.0,0.0,1.0,0.0,0.0,0.0
7790480008261,Té en Saquitos Green Hills 50 Un,Green Hills,Almacén,Infusiones,Te,5,24,2455,2827.0,0.0,1.0,0.0,0.0,1.0,0.0
7790710334573,Yerba Hierbas Serranas Cbsé 1 Kg,Cbsé,Almacén,Infusiones,Yerba mate,5,24,2430,4942.5,2.0,0.0,0.0,0.0,0.0,0.0
7790387013610,Yerba Mate con Palo 4Flex Taragui 1 Kg,Taragui,Almacén,Infusiones,Yerba mate,5,24,2298,5369.0,0.0,0.0,2.0,0.0,0.0,0.0
7793704000928,Yerba Suave Playadito 1 Kg,Playadito,Almacén,Infusiones,Yerba mate,5,24,2426,5072.4716796875,0.0,2.0,0.0,0.0,2.0,0.0
7790580132163,Mermelada Durazno Arcor 454 Gr,Arcor,Almacén,Mermeladas y Dulces,Mermelada,5,24,2467,3299.816650390625,1.0,1.0,0.0,0.0,1.0,0.0
7793360131516,Mermelada de Durazno Bc La Campagnola 390 Gr,La Campagnola,Almacén,Mermeladas y Dulces,Mermelada,5,24,2463,4160.0,0.0,0.0,2.0,0.0,0.0,0.0
7790158229547,Miel Squeezze Aleluya 250 Gr,Aleluya,Almacén,Mermeladas y Dulces,Miel,5,24,2214,5700.0,0.0,0.5,1.0,0.0,0.5,0.0
7798114470194,Budín de Pan con Ralladura de Limón Flanchello 180 Gr,Flanchello,Almacén,Panificados,Facturas/medialunas env.,5,24,1887,2544.84375,0.0,1.0,1.0,0.0,1.0,0.0
7790070433169,Pan Rallado Fortificado Preferido 500 Gr,Preferido,Almacén,Panificados,Pan rallado,5,24,2141,1972.15185546875,1.0,1.0,1.0,0.0,1.0,0.0
7793890258783,Pan con Salvado Lactal 560 Gr,Lactal,Almacén,Panificados,Pan lactal,4,23,2170,5841.0,0.0,0.0,4.0,0.0,0.0,0.0
7793890258769,Pan de Mesa Blanco Chico Lactal 315 Gr,Lactal,Almacén,Panificados,Pan lactal,4,23,2177,3600.0,1.0,3.0,0.0,0.0,2.0,0.0
7790070336545,Fideos Fetuccini Don Vicente 500 Gr,Don Vicente,Almacén,Pastas Secas,Fideos guiseros,5,24,2480,3789.28564453125,0.0,0.0,3.0,0.0,0.0,0.0
7790070336149,Fideos Mostachol N51 Lucchetti 500 Gr,Luchetti,Almacén,Pastas Secas,Fideos guiseros,5,24,2479,1744.642822265625,0.0,3.0,0.0,0.0,3.0,0.0
7790070336316,Fideos Tallarines N5 Matarazzo 500 Gr,Matarazzo,Almacén,Pastas Secas,Fideos largos,5,24,2478,2010.366088867188,0.0,3.0,3.0,0.0,3.0,0.0
7790070336118,Fideos Tallarín N5 Lucchetti 500 Gr,Luchetti,Almacén,Pastas Secas,Fideos guiseros,5,24,2481,1744.642822265625,3.0,0.0,0.0,0.0,0.0,0.0
7790070337085,Fideos al Huevo Tirabuzón Lucchetti 500 Gr,Lucchetti,Almacén,Pastas Secas,Fideos al huevo/nido,5,24,848,2200.0,0.0,1.0,2.0,0.0,1.0,0.0
7790310985465,Papas Fritas Clásicas Lays 134 Gr,Lays,Almacén,Snacks,Papas fritas snack,5,24,2454,5245.25,1.0,2.0,2.0,0.0,2.0,0.0
7794000008557,Caldo de Verdura Knorr 12 Un,Knorr,Almacén,Sopas Caldos y Puré,Caldo,5,24,2482,2637.30126953125,1.0,1.0,0.0,0.0,1.0,0.0
8445290993021,Puré de Papas Cremoso Original Maggi 125 Gr,Maggi,Almacén,Sopas Caldos y Puré,Pure de papa instantaneo,5,24,2477,2953.0,1.0,0.0,0.0,0.0,0.5,0.0
7794000005884,Sopa Crema de Zapallo con Nuez Moscada Knorr 70 Gr,Knorr,Almacén,Sopas Caldos y Puré,Sopa instantanea,5,24,2428,2745.0,1.0,0.0,0.0,0.0,0.5,0.0
7799155000203,Agua Mineral con Gas Pet Villavicencio 500 Ml,Villavicencio,Bebidas,Aguas,Agua con gas/soda,5,24,2355,1899.75,2.0,2.0,2.0,0.0,2.0,0.0
7799155000197,Agua Mineral sin Gas Pet Villavicencio 2 Lt,Villavicencio,Bebidas,Aguas,Agua sin gas,5,24,2495,3090.0,0.0,6.0,8.0,0.0,6.0,0.0
7792931000039,Agua Mineralizada sin Gas Glaciar 2 Lt,Glaciar,Bebidas,Aguas,Agua sin gas,5,24,2472,3239.4462890625,4.0,0.0,0.0,0.0,0.0,0.0
7790895640483,Agua Saborizada Manzana sin Gas Aquarius 1.5 Lt,Aquarius,Bebidas,Aguas,Agua saborizada,5,24,2577,3113.887451171875,0.0,4.0,4.0,0.0,3.0,0.0
7790950000160,Aperitivo Americano Gancia 950 Cc,Gancia,Bebidas,Aperitivos,Aperitivo,5,24,2301,9850.0,0.0,0.0,1.0,0.0,0.0,0.0
7790290001179,Fernet Branca 450 Cc,Branca,Bebidas,Aperitivos,Fernet,5,24,2487,12250.0,0.0,1.0,0.0,0.0,1.0,0.0
7790290101602,Fernet Branca 750 Ml,Branca,Bebidas,Aperitivos,Fernet,5,24,2482,18400.0,0.0,0.0,1.0,0.0,0.0,0.0
7791250001345,Vodka Smirnoff 750 Cc,Smirnoff,Bebidas,Bebidas Blancas y Licores,Whisky/gin/vodka,5,24,2452,12228.5712890625,0.0,0.0,1.0,0.0,0.0,0.0
7792798007387,Cerveza Rubia Cristal Quilmes 1 Lt,Quilmes,Bebidas,Cerveza,Cerveza,5,23,2328,4580.0,0.0,4.0,0.0,0.0,4.0,0.0
7793147118860,Cerveza Rubia en Lata Schneider 473 Cc,Schneider,Bebidas,Cerveza,Cerveza,5,24,2320,2610.0,4.0,0.0,0.0,0.0,0.0,0.0
7792798003716,Cerveza en Botella No Retornable Corona 710 Cc,Corona,Bebidas,Cerveza,Cerveza,5,24,2337,7482.5,0.0,0.0,6.0,0.0,0.0,0.0
7790895000997,Coca Cola Sabor Original 2.25 Lt,Coca Cola,Bebidas,Gaseosas,Gaseosa cola,5,23,2219,5818.75,0.0,5.0,6.0,0.0,5.0,0.0
7790895067570,Coca Cola sin Azúcar 2.25 Lt,Coca Cola,Bebidas,Gaseosas,Gaseosa cola zero,5,24,2243,5818.75,0.0,0.0,3.0,0.0,0.0,0.0
7791813888468,Gaseosa Cola Pepsi 2 Lt,Pepsi,Bebidas,Gaseosas,Gaseosa cola,5,24,2475,4550.0,4.0,0.0,0.0,0.0,0.0,0.0
7790639003468,Gaseosa Lima Limón Classic Cunnington 2.25 Lt,Cunnington,Bebidas,Gaseosas,Gaseosa lima-limon,5,24,2201,2750.0,2.0,0.0,0.0,0.0,0.0,0.0
7790895001017,Gaseosa Naranja Fanta 2.25 Lt,Fanta,Bebidas,Gaseosas,Gaseosa naranja/pomelo,5,24,2467,5818.75,0.0,2.0,2.0,0.0,2.0,0.0
7790895001000,Gaseosa Sprite 2.25 Lt,Sprite,Bebidas,Gaseosas,Gaseosa lima-limon,5,24,2508,5818.75,0.0,2.0,3.0,0.0,2.0,0.0
7790895640025,Bebida Isotónica Mountain Blast Powerade 500 Ml,Powerade,Bebidas,Isotónicas y Energizantes,Energizante/isotonica,5,24,2693,2200.0,0.0,0.0,4.0,0.0,0.0,0.0
7790895000737,Jugo Listo Multifruta Cepita 200 Ml,Cepita,Bebidas,Jugos,Jugo listo,5,24,2683,1300.0,0.0,3.0,4.0,0.0,3.0,0.0
7622201735685,Jugo en Polvo Sabor Limón Dulce Tang 15 Gr,Tang,Bebidas,Jugos,Jugo en polvo,5,24,2282,550.0,6.0,6.0,2.0,0.0,6.0,0.0
7790240002010,Vino Tinto Cabernet Sauvignon Fond de Cave 750 Cc,Fond De Cave,Bebidas,Vinos y Espumantes,Vino,5,24,2413,11233.0,0.0,0.0,3.0,0.0,0.0,0.0
7798074864675,Vino Tinto Malbec Portillo 750 Ml,Portillo,Bebidas,Vinos y Espumantes,Vino,5,24,2481,6836.3125,0.0,2.0,0.0,0.0,2.0,0.0
7791540053351,Vino Tinto Tradicional Brick Termidor 1 Lt,Termidor,Bebidas,Vinos y Espumantes,Vino,5,24,2135,2257.0,2.0,0.0,0.0,0.0,0.0,0.0
7500435228763,Pañal Talle XG Baby-dry Hipoalergénico Pampers 36 Un,Pampers,Bebés y mamás,Cuidado del Bebé,Panales,5,24,2069,35500.0,0.0,1.0,1.0,0.0,1.0,0.0
7794626011023,Toallitas Húmedas Clásico y Cotidiano Huggies 48 Un,Huggies,Bebés y mamás,Cuidado del Bebé,Toallitas humedas,5,24,2475,4969.0,0.0,1.0,1.0,0.0,1.0,0.0
7796962987321,Aire Acondicionado Philco Split 3200W Frio Calor Cl. A Phs32Ha4Cn Philco,Philco,CLIMATIZACIÓN,Aires Acondicionados,Aire acondicionado,5,24,296,799999.0,0.0,0.0,0.0,1.0,0.0,0.0
7798115593090,Caloventor Fh801 2000 W Blanco Protalia 1 Un,Protalia,Climatización,Calefacción,Ventilador/caloventor,5,24,204,49900.0,0.0,0.0,0.0,1.0,0.0,0.0
7502271278278,Cocina Multigas Cd5602Ab0 Drean 1 Un,Drean,Cocinas y Hornos,Cocinas,Cocina,4,24,247,699999.0,0.0,0.0,0.0,1.0,0.0,0.0
7796885495194,Hornos Microondas 20Lt Blanco 700 W Bgh 1 Un,Bgh,Cocinas y Hornos,Microondas,Microondas,5,24,322,244999.0,0.0,0.0,0.0,1.0,0.0,0.0
7790670050650,Hamburguesas de Carne Clásicas sin TACC Paty 4 Un 320 Gr,Paty,Congelados,Hamburguesas,Hamburguesas cong.,5,24,2495,9150.0,1.0,2.0,3.0,0.0,2.0,0.0
7790174001349,Milanesa de Soja Tradicional Vegetalex 4 Un,Vegetalex,Congelados,Milanesas de Soja,Milanesas/nuggets pollo cong.,5,24,2009,4789.0,1.0,0.0,0.0,0.0,0.0,0.0
7790070034410,Nuggets de Pollo Bolsa Granja Del Sol 400 Gr,Granja Del Sol,Congelados,Prefritos,Milanesas/nuggets pollo cong.,5,24,2360,10864.400390625,0.0,1.0,1.0,0.0,1.0,0.0
7790070036278,Espinaca Congelada Granja Del Sol 500 Gr,Granja Del Sol,Congelados,Vegetales,Vegetales congelados,5,24,2341,5599.0,0.0,1.0,2.0,0.0,1.0,0.0
7791451071000,Dulce de Batata con Vainilla Esnaola 500 Gr,Esnaola,Frescos,Fiambrería,Dulce batata/membrillo,5,24,2073,3360.0,1.0,0.0,0.0,0.0,0.5,0.0
7790079022593,Jamon Cocido Fetas Finas Paladini 200 Gr,Paladini,Frescos,Fiambrería,Jamon cocido env.,5,24,1538,7298.27197265625,2.0,0.0,0.0,0.0,0.0,0.0
7798013102875,Jamón Cocido Genuino Cagnoli 120 Gr,Cagnoli,Frescos,Fiambrería,Jamon cocido env.,5,24,1988,5190.0,0.0,3.0,4.0,0.0,3.0,0.0
7790079001031,Mortadela Mini Paladini 300 Gr,Paladini,Frescos,Fiambrería,Fiambre env. (salame/mortadela),5,24,2104,4885.0,0.0,1.0,0.0,0.0,1.0,0.0
7794990880225,Queso Dambo en Fetas La Paulina 180 Gr,La Paulina,Frescos,Fiambrería,Queso en fetas/env.,4,24,1109,5455.0,0.0,0.0,2.0,0.0,0.0,0.0
7790742373304,Queso Light Finlandia 290 Gr,Finlandia,Frescos,Fiambrería,Queso untable,5,24,2310,5479.0,0.0,0.0,3.0,0.0,0.0,0.0
7790398100132,Queso Rallado La Paulina 150 Gr,La Paulina,Frescos,Fiambrería,Queso rallado,5,24,2106,6159.0,0.0,1.0,0.0,0.0,1.0,0.0
7790742222909,Queso Rallado La Serenisima 35 Gr,La Serenisima,Frescos,Fiambrería,Queso rallado,5,24,2194,1832.75,0.0,0.0,2.0,0.0,0.0,0.0
7794990880232,Queso Tybo en Feta La Paulina 180 Gr,La Paulina,Frescos,Fiambrería,Queso en fetas/env.,4,24,2002,5145.0,0.0,1.0,0.0,0.0,1.0,0.0
7798060852990,Queso Untable Jamón Tonadita 180 Gr,Tonadita,Frescos,Fiambrería,Queso untable,5,24,2320,2699.0,2.0,0.0,0.0,0.0,0.0,0.0
7791337061439,Queso Untable Light La Serenisima 290 Gr,La Serenisima,Frescos,Fiambrería,Queso untable,5,24,2325,4135.0,0.0,2.0,0.0,0.0,2.0,0.0
7798013100697,Salame Tandilero Tipo Fuet en Pieza Cagnoli 150 Gr,Cagnoli,Frescos,Fiambrería,Fiambre env. (salame/mortadela),5,24,2249,8559.0,0.0,0.0,2.0,0.0,0.0,0.0
7790670052388,Salchicha Clásica Flow Pack Patyviena 6 Un,Patyviena,Frescos,Fiambrería,Salchichas,5,24,2466,2891.53857421875,2.0,0.0,0.0,0.0,0.0,0.0
7790670052418,Salchichas Vienísima 12 Un,Vienísima,Frescos,Fiambrería,Salchichas,5,24,1986,6260.0,0.0,0.0,1.0,0.0,0.0,0.0
7790670052401,Salchichas Vienísima 6 Un,Vienísima,Frescos,Fiambrería,Salchichas,5,24,2475,3279.0,0.0,2.0,0.0,0.0,2.0,0.0
7622202247316,Caramelos Mentolyptus Halls 25.2 Gr,Halls,Frescos,Golosinas,Caramelos/chicles,5,23,2038,935.0,2.0,1.0,1.0,0.0,1.0,0.0
7790742141101,Crema de Leche Uat Tetra Top La Serenísima 330 Ml,La Serenísima,Frescos,Lácteos,Crema de leche,5,24,2443,5179.0,0.0,1.0,1.0,0.0,1.0,0.0
7790787153664,Dulce de Leche Clásico Ilolay 400 Gr,Ilolay,Frescos,Lácteos,Dulce de leche,5,24,2204,3840.0,1.0,0.0,0.0,0.0,0.0,0.0
7790742625304,Dulce de Leche Clásico La Serenísima 400 Gr,La Serenísima,Frescos,Lácteos,Dulce de leche,5,24,2488,3860.0,0.0,1.0,0.0,0.0,1.0,0.0
7790742067005,Dulce de Leche Repostero La Serenísima 400 Gr,La Serenísima,Frescos,Lácteos,Dulce de leche,5,24,2466,4300.0,0.0,0.0,2.0,0.0,0.0,0.0
7790742335500,Leche Entera 3% Uat La Serenísima 1 Lt,La Serenísima,Frescos,Lácteos,Leche entera,5,24,2236,2997.33349609375,0.0,24.0,24.0,0.0,28.0,0.0
7798338290028,Leche Entera Larga Vida Tradición Tres Niñas 1 Lt,Tres Niñas,Frescos,Lácteos,Leche entera,5,24,2324,2620.0,24.0,0.0,0.0,0.0,0.0,0.0
7791337007819,Leche Fermentada Parcialmente Descremada con Probióticos Multifruta Actimel 100 Gr,Actimel,Frescos,Lácteos,Yogur bebible,5,24,2478,2085.0,0.0,0.0,6.0,0.0,0.0,0.0
7791337007260,Leche Larga Vida Chocolatada Brick Cindor 200 Cc,Cindor,Frescos,Lácteos,Leche chocolatada,5,24,2733,2799.0,0.0,2.0,2.0,0.0,2.0,0.0
7790742333605,Leche UAT Parcialmente Descremada Zero Lactos Serenísima 1 Lt,La Serenísima,Frescos,Lácteos,Leche descremada,5,24,2472,2999.0,0.0,6.0,10.0,0.0,6.0,0.0
7790742436207,Leche en Polvo Descremada Fortificada La Serenísima 200 Gr,La Serenísima,Frescos,Lácteos,Leche en polvo,5,24,2190,3815.0,1.0,0.0,0.0,0.0,0.5,0.0
7798060850026,Manteca Calidad Extra Tonadita 200 Gr,Tonadita,Frescos,Lácteos,Manteca,5,24,2478,4180.0,1.0,0.0,0.0,0.0,0.0,0.0
7793940054006,Manteca La Serenísima 200 Gr,La Serenísima,Frescos,Lácteos,Manteca,5,24,2483,4836.90625,0.0,2.0,2.0,0.0,2.0,0.0
7791620187778,Margarina Dorada Dánica 210 Gr,Dánica,Frescos,Lácteos,Margarina,5,24,2471,2819.0,1.0,0.0,0.0,0.0,0.5,0.0
7791337008472,Postre Vainilla con Rocklets Serenito 120 Gr,Serenito,Frescos,Lácteos,Postre,5,24,2471,3730.0,0.0,2.0,3.0,0.0,2.0,0.0
7791337009981,Yogur Batido Natural Yogurísimo 190 Gr,Yogurisimo,Frescos,Lácteos,Yogur firme/batido,5,24,2224,3285.625,0.0,6.0,0.0,0.0,6.0,0.0
7791337008694,Yogur Bebible Frutilla Danonino 185 Gr,Danonino,Frescos,Lácteos,Yogur bebible,5,24,2428,3255.0,0.0,4.0,0.0,0.0,4.0,0.0
7793913013566,Yogur Firme Descremado Vainilla Pote Tregar 125 Gr,Tregar,Frescos,Lácteos,Yogur firme/batido,5,24,2380,1150.0,4.0,0.0,0.0,0.0,0.0,0.0
7791337007246,Yogur Firme Descremado con Colágeno Vainilla Pote Ser 190 Gr,Ser,Frescos,Lácteos,Yogur firme/batido,5,24,2456,2850.0,0.0,0.0,8.0,0.0,0.0,0.0
7790070621863,Ravioles Ricota Mozzarella Danbo Parmesano La Salteña 450 Gr,La Salteña,Frescos,Pastas y Tapas,Pasta fresca (ravioles),5,24,2186,4300.0,0.0,1.0,2.0,0.0,1.0,0.0
7790070622037,Tapa para Pascualina Criolla La Salteña 400 Gr,La Salteña,Frescos,Pastas y Tapas,Tapas empanadas/pascualina,5,24,2472,2800.0,2.0,2.0,2.0,0.0,2.0,0.0
7799111685901,Heladera Sidebyside Inox 428 Lts Philco Phsb450N,S/D,Heladeras y Freezers,Heladeras,Heladera,5,24,185,1429999.0,0.0,0.0,0.0,1.0,0.0,0.0
7798111354763,Auricular Bt Earbud Aiwa Mod. Twa 70N Negro,S/D,Informática,Auriculares,Auriculares,5,24,139,24999.0,0.0,0.0,0.0,1.0,0.0,0.0
6932554416638,Celular 14C 4Gb/128Gb Starry Blue Azul Redmi Xiaomi 1 Un,Xiaomi,Informática,Celulares,Celular,4,24,354,369000.0,0.0,0.0,0.0,1.0,0.0,0.0
0196802082679,Notebook 14 Celn4120 4/128 Gb 82V Lenovo 1 Un,Lenovo,Informática,Computadoras,Notebook,4,22,176,599999.0,0.0,0.0,0.0,1.0,0.0,0.0
7797026970037,Parlante Bt Stromberg Boombox Force,Stromberg,Informática,Parlantes,Parlante bluetooth,5,24,152,199999.0,0.0,0.0,0.0,1.0,0.0,0.0
8806094365573,Lavarropas Frontal Inventer WW65A4000EEU Blanco 6.5 Kg Samsung 1 Un,Samsung,Lavado,Lavarropas,Lavarropas,4,24,254,865874.0,0.0,0.0,0.0,1.0,0.0,0.0
7794440003310,Esponja Pintada Lisa Virulana 1 Un,Virulana,Limpieza,Accesorios de Limpieza,Esponja/trapo,5,24,2119,718.5333251953125,1.0,1.0,1.0,0.0,1.0,0.0
7793253004231,Aromatizante Ambiente en Aerosol Frescura de Lavanda Poett 360 Ml,Poett,Limpieza,Desodorante de Ambientes,Desodorante ambiente,5,24,2520,4190.0,0.0,1.0,1.0,0.0,1.0,0.0
7790520995285,Desinfectante de Ambientes y Superficies Original Aerosol Lysoform 360 Ml,Lysoform,Limpieza,Desodorante de Ambientes,Limpiador baño/desinfectante,5,24,2740,4865.8330078125,0.0,1.0,1.0,0.0,1.0,0.0
7790520997623,Mata Moscas y Mosquitos Aerosol Raid 370 Ml,Raid,Limpieza,Insecticidas,Insecticida,5,23,2264,7050.0,0.0,1.0,1.0,0.0,0.5,0.0
7790132098459,Lavandina Concentrada Ayudín 1 Lt,Ayudín,Limpieza,Lavandina,Lavandina,5,24,2480,1307.5,2.0,2.0,0.0,0.0,2.0,0.0
7793253003722,Lavandina Lavanda Triple Poder Ayudín 2 Lt,Ayudín,Limpieza,Lavandina,Lavandina,5,24,2380,3640.0,0.0,0.0,2.0,0.0,0.0,0.0
7791290795617,Limpiador Vidrios y Multiuso Gatillo Expert Cif 500 Ml,Cif,Limpieza,Limpieza Piso y Muebles,Limpiavidrios,5,24,2134,4502.625,0.0,0.0,1.0,0.0,0.0,0.0
7790117000200,Bolsas de Residuos de 45 Cm 60 Cm en Rollo Asurin 30 Un,Asurín,Limpieza,Limpieza de Cocina,Bolsas residuo,5,24,1489,5600.0,1.0,1.0,1.0,0.0,1.0,0.0
7790990003039,Detergente Limón Magistral 20 Un 500 Ml,Magistral,Limpieza,Limpieza de Cocina,Detergente vajilla,5,24,2478,4424.580078125,0.0,2.0,0.0,0.0,2.0,0.0
7791290794054,Detergente Líquido Bioactive Limón Cif 300 Ml,Cif,Limpieza,Limpieza de Cocina,Detergente vajilla,5,24,2656,2700.0,1.0,2.0,2.0,0.0,2.0,0.0
7791290792814,Jabón Líquido para Ropa Bio Encimas Skip 800 Ml,Skip,Limpieza,Limpieza de Ropa,Jabon liquido ropa,5,24,2645,4745.0,0.0,1.0,2.0,0.0,1.0,0.0
7791290792036,Jabón Líquido para Ropa Eco Lavado Doypack Ala Matic 3 Lt,Ala Matic,Limpieza,Limpieza de Ropa,Jabon liquido ropa,5,24,2282,14190.0,1.0,0.0,0.0,0.0,0.0,0.0
7791290793460,Jabón de Lavar en Pan Fragancia Coco Ala 2 Un 200 Gr,Ala,Limpieza,Limpieza de Ropa,Jabon en pan,5,24,1804,3520.0,1.0,1.0,0.0,0.0,1.0,0.0
7791290792142,Jabón en Polvo Matic Mañana de Sol Ala 800 Gr,Ala,Limpieza,Limpieza de Ropa,Jabon polvo ropa,5,24,2248,3850.0,1.0,0.0,0.0,0.0,1.0,0.0
7891150000971,Suavizante para Ropa Concentrado Cuidado Intesivo Comfor 500 Ml,Comfort,Limpieza,Limpieza de Ropa,Suavizante,5,24,2504,9063.0,0.0,1.0,2.0,0.0,1.0,0.0
7790250015536,Papel Higiénico Doble Hoja Manzanilla Higienol 4 Un 30 Mt,Higienol,Limpieza,Papeles,Papel higienico,5,24,2255,4069.58935546875,0.0,0.0,4.0,0.0,0.0,0.0
7790250016182,Papel Higiénico Fresh Hoja Simple con Aloe Vera Higienol 4 Un 30 Mt,Higienol,Limpieza,Papeles,Papel higienico,5,24,2439,2400.5,0.0,3.0,0.0,0.0,3.0,0.0
7793344904143,Papel Higiénico Hoja Simple Blanco Elegante Pack 4 Un 120 Mt,Elegante,Limpieza,Papeles,Papel higienico,4,24,1094,2570.066650390625,2.0,0.0,0.0,0.0,0.0,0.0
7790250056881,Rollos de Cocina Clásico 50 Paños Sussex 3 Un,Sussex,Limpieza,Papeles,Rollo cocina,5,24,2422,2931.0,0.0,2.0,2.0,0.0,2.0,0.0
7790250057765,Servilletas Papel Hoja Simple Clásica 30X30 Sussex 80 Un,Sussex,Limpieza,Papeles,Servilletas,5,24,2440,2105.0,1.0,1.0,1.0,0.0,1.0,0.0
8445290057433,Alimento para Gatos Adultos Pescado y Pollo Cat Chow 1 Kg,Cat Chow,Mascotas,Alimentos para Gatos,Alimento gato,5,24,2397,8440.0,0.0,1.0,1.0,0.0,0.5,0.0
8445290944559,Alimento para Perro Cachorro Gran Comienzo Dog Chow 3 Kg,Dog Chow,Mascotas,Alimentos para Perros,Alimento perro,5,24,1627,15230.0,0.0,0.0,1.0,0.0,0.0,0.0
7613287613431,Alimento para Perros Adultos Bolsa Dogui 3 Kg,Dogui,Mascotas,Alimentos para Perros,Alimento perro,5,24,1665,9688.0,1.0,1.0,0.0,0.0,1.0,0.0
7799111033290,Pava Eléctrica Blanca con Corte 1.7 Lt Atma 1 Un,Atma,Pequeños Electrodomésticos,Electrodomésticos de Cocina,Pava electrica,4,24,148,52999.0,0.0,0.0,0.0,1.0,0.0,0.0
0053891142960,Plancha A Vapor Oster Gcstbs5905,S/D,Pequeños Electrodomésticos,Electrodomésticos de Hogar,Plancha,4,24,173,87427.5703125,0.0,0.0,0.0,1.0,0.0,0.0
0034264476424,Licuadora De Mano Oster Fpsthb2800 354 Negra 800 W,S/D,Pequeños Electrodomésticos,Licuadoras,Licuadora,5,23,98,189741.859375,0.0,0.0,0.0,1.0,0.0,0.0
7790064001909,Algodón Discos Redondos Estrella 80 Un,Estrella,Perfumería,Cuidado Corporal,Algodon discos Estrella 80u,5,24,2326,3390.0,0.0,0.0,0.0,0.0,0.0,1.0
7790064000261,Algodón Estrella Clásico 75 Gr,Estrella,Perfumería,Cuidado Corporal,Panuelos/hisopos/algodon,5,24,2762,1420.0,0.0,1.0,1.0,0.0,1.0,0.0
7506460101279,Banda de Cera Depilatoria Corporal Piel Sensible Veet 12 Un,Veet,Perfumería,Cuidado Corporal,Bandas cera Veet corporal,5,24,1053,9050.0,0.0,0.0,0.0,0.0,0.0,1.0
4005808319695,Crema Corporal Milk Nutritiva Piel Extra Seca Nivea Body 400 Ml,Nivea,Perfumería,Cuidado Corporal,Crema corporal/manos,5,24,2360,12193.0,0.0,1.0,1.0,0.0,1.0,1.0
8002990292139,Crema Depilatoria Piel Sensible Silck & Fresh Veet Caja 100 Ml,Veet,Perfumería,Cuidado Corporal,Crema depilatoria Veet,5,24,1938,10150.0,0.0,0.0,0.0,0.0,0.0,1.0
7791293043791,Desodorante Aerosol Marine Axe 150 Cc,Axe,Perfumería,Cuidado Corporal,Desodorante,5,24,2773,4705.0,1.0,0.0,0.0,0.0,0.0,0.0
7791293049502,Desodorante Aerosol Men Rexona 150 Ml,Rexona,Perfumería,Cuidado Corporal,Desodorante,5,24,2680,4889.0,0.0,2.0,3.0,0.0,2.0,0.0
7791293049557,Desodorante Aerosol Women Nutrivive Rexona 150 Ml,Rexona,Perfumería,Cuidado Corporal,Deo Rexona Women aerosol,5,24,2703,4969.0,0.0,0.0,0.0,0.0,0.0,2.0
7791293051208,Jabón de Tocador Original Dove 90 Gr,Dove,Perfumería,Cuidado Corporal,Jabon tocador,5,24,2480,2611.0,0.0,3.0,4.0,0.0,3.0,0.0
7891024034781,Jabón de Tocador con Karite Palmolive 85 Gr,Palmolive,Perfumería,Cuidado Corporal,Jabon tocador,5,24,2232,965.9642944335938,2.0,0.0,0.0,0.0,0.0,0.0
7500435173100,Crema Afeitar Protectora Suave y Lisa Venus 150 Ml,Venus,Perfumería,Cuidado Facial,Crema afeitar Venus 150ml,5,24,641,8528.0,0.0,0.0,0.0,0.0,0.0,1.0
7702018072392,Rasuradora Desechable Simply Venus Gillette 2 Un,Gillette,Perfumería,Cuidado Facial,Rasuradora Simply Venus 2u,5,24,2512,7313.0,0.0,0.0,0.0,0.0,0.0,1.0
7500435225366,Repuesto Máquina Afeitar Carbono Gillette Mach 3 2 Un,Gillette,Perfumería,Cuidado Facial,Afeitadora/espuma (hombre),5,24,2057,12290.0,1.0,1.0,1.0,0.0,1.0,0.0
7702018072477,Repuesto Rasuradora Recargable Venus Gillette 2 Un,Gillette,Perfumería,Cuidado Facial,Repuesto Venus,5,24,1857,10800.0,0.0,0.0,0.0,0.0,0.0,0.5
4005900985828,Toallitas Desmaquillantes Micellair 3 en 1 Nivea 25 Un,Nivea,Perfumería,Cuidado Facial,Desmaquillante,5,24,1727,8245.0,0.0,0.0,0.0,0.0,0.0,1.0
5900273001566,Cepillo Dental Colgate Extra Clean 1 Un,Colgate,Perfumería,Cuidado Oral,Cepillo dental,5,24,2333,2882.857177734375,0.0,1.0,1.0,0.0,1.0,0.0
7509546687292,Crema Dental Doble Protección Odol 90 Gr,Odol,Perfumería,Cuidado Oral,Pasta dental,5,24,2305,2930.71435546875,1.0,0.0,0.0,0.0,0.0,0.0
7509546702605,Crema Dental Total Original Mint Colgate 90 Gr,Colgate,Perfumería,Cuidado Oral,Pasta dental,5,24,2151,6540.0,0.0,0.0,2.0,0.0,0.0,0.0
7793100111891,Crema Dental Ultra Blanco Colgate 90 Gr,Colgate,Perfumería,Cuidado Oral,Pasta dental,5,24,2490,3111.0,0.0,1.0,0.0,0.0,1.0,0.0
7891010255237,Enjuague Bucal Cool Mint Listerine 500 Ml,Listerine,Perfumería,Cuidado Oral,Enjuague bucal,5,24,2031,7800.0,0.0,0.0,1.0,0.0,0.0,0.0
7791293047515,Acondicionador Oleo Nutrición Dove 400 Cc,Dove,Perfumería,Cuidado del Cabello,Acondicionador,5,24,2785,8717.5,0.0,1.0,1.0,0.0,1.0,1.0
7791293045740,Shampoo Crema Balance Sedal 340 Ml,Sedal,Perfumería,Cuidado del Cabello,Shampoo,5,24,2770,5870.0,1.0,0.0,0.0,0.0,0.0,0.0
7791293047102,Shampoo Reconstrucción Completa Dove 400 Ml,Dove,Perfumería,Cuidado del Cabello,Shampoo,5,24,2782,8717.5,0.0,1.0,2.0,0.0,1.0,1.0
7509552924121,Tintura Coloración Permanente 50 Castaño Nutrisse 1 Un,Nutrisse,Perfumería,Cuidado del Cabello,Tintura Nutrisse,5,24,1817,17293.5703125,0.0,0.0,0.0,0.0,0.0,1.0
7790139101053,Alcohol Etílico al 70% Spray Bialcohol 100 Ml,Bialcohol,Perfumería,Productos Farmacéuticos,Alcohol,5,23,1042,3550.0,0.0,1.0,1.0,0.0,1.0,0.0
7790010002899,Protectores Diarios Todoslosdias Compact Carefree 80 Un,Carefree,Perfumería,Protección Femenina,Protectores diarios Carefree 80u,5,24,2104,8680.0,0.0,0.0,0.0,0.0,0.0,1.0
7891010254773,Tampones Medio O.B. 8 Un,O.B.,Perfumería,Protección Femenina,Tampones O.B. medio 8u,4,24,2382,4130.0,0.0,0.0,0.0,0.0,0.0,2.0
7790770601851,Toallas Femeninas Nocturna Max Nosotras 8 Un,Nosotras,Perfumería,Protección Femenina,Toallas nocturnas Nosotras 8u,5,24,2606,3750.0,0.0,0.0,0.0,0.0,0.0,1.0
7790010002769,Toallas Femeninas con Alas Ultrafina Suave Siempre Libre 8 Un,Siempre Libre,Perfumería,Protección Femenina,Toallitas femeninas,5,24,2760,2489.0,1.0,2.0,2.0,0.0,2.0,2.0
7796941329296,"Smart Tv Qled 43"" Fhd 43s5k Go Tcl 1 Un",Tcl,Tv Audio y Video,Tv,Televisor,5,24,431,518180.8125,0.0,0.0,0.0,1.0,0.0,0.0
